City,Lat,Lng,Max Temp,Humidity,Cloudiness,Wind Speed,Country,Date
Ribeira Grande,38.52,-28.7,69.58,80,5,11.59,PT,1595109849
Rikitea,-23.12,-134.97,72.41,79,23,19.22,PF,1595109849
Ilulissat,69.22,-51.1,57.2,33,100,3.36,GL,1595109849
Tuktoyaktuk,69.45,-133.04,41.0,93,90,11.41,CA,1595109849
Alofi,-19.06,-169.92,78.8,69,84,8.05,NU,1595109665
Leshukonskoye,64.9,45.76,49.96,90,62,3.4,RU,1595109849
Bluff,-46.6,168.33,38.98,74,0,7.54,NZ,1595109849
Hermanus,-34.42,19.23,50.0,95,0,5.82,ZA,1595109850
Kahului,20.89,-156.47,91.4,49,40,23.04,US,1595109712
Albany,42.6,-73.97,91.99,38,35,4.43,US,1595109807
Ushuaia,-54.8,-68.3,32.0,94,75,3.36,AR,1595109685
Province of Mantua,45.17,10.78,69.01,62,0,5.01,IT,1595109837
Arraial do Cabo,-22.97,-42.03,71.6,73,0,14.99,BR,1595109850
Gemeente Wageningen,51.97,5.67,68.0,88,90,6.93,NL,1595109851
Raudeberg,61.99,5.14,57.2,71,1,17.22,NO,1595109851
Mīzan Teferī,6.98,35.58,61.66,95,100,0.56,ET,1595109851
Punta Arenas,-53.15,-70.92,35.6,80,90,18.34,CL,1595109706
Ust-Kuyga,70.02,135.6,63.54,38,100,5.77,RU,1595109851
Teluk Nibung,3.0,99.82,75.25,92,89,3.71,ID,1595109851
Castro,-24.79,-50.01,60.37,88,8,4.56,BR,1595109851
Faanui,-16.48,-151.75,75.4,83,93,18.92,PF,1595109852
Busselton,-33.65,115.33,51.01,80,58,4.94,AU,1595109562
Kaitangata,-46.28,169.85,35.01,81,1,3.0,NZ,1595109852
Iwanai,42.97,140.51,68.54,82,95,2.28,JP,1595109852
Ponta do Sol,32.67,-17.1,69.01,70,15,1.9,PT,1595109852
Mataura,-46.19,168.86,37.22,76,0,2.48,NZ,1595109852
São Filipe,14.9,-24.5,75.9,76,35,8.95,CV,1595109852
Ancud,-41.87,-73.82,52.0,87,75,17.22,CL,1595109853
Bredasdorp,-34.53,20.04,50.0,93,0,4.7,ZA,1595109853
Cairns,-16.92,145.77,60.8,82,40,1.12,AU,1595109853
Dno,57.83,29.96,60.71,78,100,2.19,RU,1595109853
Cape Town,-33.93,18.42,55.99,93,0,4.7,ZA,1595109853
Dunedin,-45.87,170.5,50.0,79,0,4.0,NZ,1595109853
Ikom,5.97,8.71,72.3,96,87,2.44,NG,1595109853
Necochea,-38.55,-58.74,48.0,94,90,1.99,AR,1595109854
Barrow,71.29,-156.79,37.4,80,75,13.87,US,1595109854
Leningradskiy,69.38,178.42,39.94,76,90,11.56,RU,1595109854
Thompson,55.74,-97.86,71.6,49,75,9.17,CA,1595109854
Perth,-31.93,115.83,45.0,100,40,5.82,AU,1595109691
Naze,28.37,129.48,82.4,88,75,17.22,JP,1595109855
Talnakh,69.49,88.4,50.0,87,47,8.95,RU,1595109855
Cabo San Lucas,22.89,-109.91,91.4,43,5,4.7,MX,1595109732
Severo-Kuril'sk,50.68,156.12,52.57,85,68,11.34,RU,1595109855
Geraldton,-28.77,114.6,48.2,93,3,6.93,AU,1595109855
Yellowknife,62.46,-114.35,73.0,49,40,13.87,CA,1595109855
San Patricio,19.22,-104.7,89.6,75,40,17.22,MX,1595109855
Westport,41.14,-73.36,90.0,40,1,8.05,US,1595109856
Karratha,-20.74,116.85,65.89,75,75,10.0,AU,1595109856
Kaduy,59.2,37.15,53.73,84,0,4.27,RU,1595109856
Maposeni,-10.58,35.4,53.91,76,52,3.33,TZ,1595109856
Upata,8.01,-62.4,88.0,72,86,4.0,VE,1595109585
Cherskiy,68.75,161.3,63.95,58,0,5.06,RU,1595109857
Avarua,-21.21,-159.78,75.2,64,76,17.22,CK,1595109784
Lompoc,34.64,-120.46,72.0,60,4,14.99,US,1595109857
Atuona,-9.8,-139.03,79.36,77,51,14.14,PF,1595109857
Laas,46.62,10.7,55.4,66,40,5.82,IT,1595109857
North Branch,45.51,-92.98,87.01,77,5,1.99,US,1595109857
Port Alfred,-33.59,26.89,61.32,71,0,11.12,ZA,1595109857
Diré,12.28,-10.97,73.58,95,100,3.65,ML,1595109857
Anadyr,64.75,177.48,51.8,66,40,13.42,RU,1595109858
Payyanur,12.1,75.2,77.81,86,100,1.79,IN,1595109858
Qidong,31.81,121.66,81.0,95,98,8.95,CN,1595109858
Pak Phanang,8.35,100.2,79.65,82,15,3.65,TH,1595109858
Jamestown,42.1,-79.24,84.2,54,20,6.93,US,1595109858
Katherine,-14.47,132.27,53.6,62,0,4.7,AU,1595109859
Cidreira,-30.18,-50.21,65.48,85,0,10.0,BR,1595109859
Port Blair,11.67,92.75,80.89,79,53,7.09,IN,1595109859
Beringovskiy,63.05,179.32,51.3,88,99,5.3,RU,1595109859
Hilo,19.73,-155.09,80.6,78,90,8.05,US,1595109859
Lingion,8.19,124.61,75.0,90,15,5.01,PH,1595109859
Coahuayana Viejo,18.73,-103.68,84.2,62,75,11.41,MX,1595109859
Butaritari,3.07,172.79,82.99,76,0,14.9,KI,1595109859
Vila Velha,-20.33,-40.29,72.0,73,40,5.82,BR,1595109697
Dubrovytsya,51.57,26.57,60.4,87,42,6.06,UA,1595109860
Hobart,-42.88,147.33,50.0,76,75,8.05,AU,1595109660
Lovozero,68.0,35.01,62.87,68,100,5.19,RU,1595109860
Mayumba,-3.43,10.66,70.16,92,22,2.57,GA,1595109860
Youkounkoun,12.53,-13.13,75.99,86,100,7.65,GN,1595109860
San Cristobal,7.77,-72.22,91.4,38,40,10.29,VE,1595109861
Walvis Bay,-22.96,14.51,69.8,13,0,18.34,NA,1595109861
Sabang,5.89,95.32,82.18,73,58,2.1,ID,1595109861
Chui,-33.7,-53.46,64.85,90,96,6.13,UY,1595109861
Flin Flon,54.77,-101.86,62.6,88,90,6.93,CA,1595109861
Vaini,-21.2,-175.2,77.0,94,75,9.17,TO,1595109861
Hithadhoo,-0.6,73.08,81.72,70,100,22.93,MV,1595109861
Mahébourg,-20.41,57.7,69.8,73,75,16.11,MU,1595109861
Sauda,59.65,6.35,55.0,93,100,1.99,NO,1595109862
Pevek,69.7,170.31,43.48,71,12,4.23,RU,1595109862
Saint-Philippe,-21.36,55.77,66.2,77,90,13.87,RE,1595109862
Yining,29.04,114.56,76.82,91,90,2.93,CN,1595109862
Cudahy,33.96,-118.19,88.0,53,1,11.48,US,1595109861
Port Lincoln,-34.73,135.87,55.22,72,57,20.42,AU,1595109863
Norman Wells,65.28,-126.83,69.8,68,75,13.87,CA,1595109863
Yumen,40.28,97.2,64.67,28,47,3.58,CN,1595109863
Abaza,52.66,90.09,48.07,91,38,0.98,RU,1595109863
Nanortalik,60.14,-45.24,48.97,74,60,2.66,GL,1595109863
Buin,-33.73,-70.75,55.4,76,90,2.35,CL,1595109864
Shimoda,34.67,138.95,66.99,96,100,14.18,JP,1595109864
Avera,33.19,-82.53,95.0,41,1,6.93,US,1595109864
Fuling,29.7,107.39,73.45,90,92,1.59,CN,1595109864
Berlevåg,70.86,29.09,52.34,82,98,4.65,NO,1595109864
Saint George,37.1,-113.58,104.0,11,1,4.7,US,1595109865
Portland,45.52,-122.68,82.99,44,1,8.05,US,1595109735
New Norfolk,-42.78,147.06,46.0,83,63,2.75,AU,1595109865
Korāput,18.82,82.72,72.79,92,95,3.53,IN,1595109670
Orlik,52.52,99.83,38.08,80,1,0.11,RU,1595109865
Tasiilaq,65.61,-37.64,50.0,62,18,10.29,GL,1595109865
Salalah,17.02,54.09,82.4,94,75,9.17,OM,1595109865
Sambava,-14.27,50.17,66.67,77,0,13.65,MG,1595109865
Brooks,50.58,-111.89,69.01,56,25,1.99,CA,1595109607
Zarubino,42.63,131.09,65.21,94,50,5.08,RU,1595109866
Polunochnoye,60.87,60.42,58.12,78,7,3.42,RU,1595109866
Nikolskoye,59.7,30.79,60.8,67,100,4.47,RU,1595109866
Puerto Ayora,-0.74,-90.35,78.8,65,40,19.46,EC,1595109859
Mar del Plata,-38.0,-57.56,52.0,93,100,4.65,AR,1595109866
Quirinópolis,-18.45,-50.45,72.99,39,0,7.09,BR,1595109677
Bandar-e Anzali,37.47,49.46,80.6,83,75,4.99,IR,1595109867
Nyurba,63.28,118.33,56.39,86,23,5.91,RU,1595109867
Clyde River,70.47,-68.59,42.8,87,75,14.99,CA,1595109867
Porosozero,62.72,32.73,58.62,74,89,2.57,RU,1595109867
Ughelli,5.49,6.01,74.77,95,100,3.29,NG,1595109867
Alausí,-2.2,-78.83,50.74,80,89,3.8,EC,1595109867
Angostura,25.37,-108.18,98.01,52,1,7.0,MX,1595109867
Suntar,62.14,117.63,55.45,86,23,5.01,RU,1595109868
Khatanga,71.97,102.5,47.1,78,100,4.29,RU,1595109868
Masunga,-20.62,27.45,46.98,67,0,9.31,BW,1595109868
Nobeoka,32.58,131.67,73.0,88,100,1.01,JP,1595109868
Souillac,-20.52,57.52,69.8,73,75,16.11,MU,1595109868
Manatí,18.43,-66.49,86.0,70,40,12.75,PR,1595109868
Korla,41.76,86.15,88.0,72,98,3.0,CN,1595109869
Saint Paul Harbor,57.79,-152.41,62.6,72,90,6.93,US,1595109638
Port Keats,-14.25,129.55,60.84,53,0,6.26,AU,1595109869
Alice Springs,-23.7,133.88,44.6,36,0,5.82,AU,1595109869
Marsh Harbour,26.54,-77.06,82.87,78,100,14.16,BS,1595109869
Husavik,66.04,-17.34,44.6,70,75,16.11,IS,1595109869
Zelenoborsk,61.47,64.03,63.05,85,0,3.91,RU,1595109869
Rørvik,64.86,11.24,56.75,82,100,5.53,NO,1595109869
Carnarvon,-24.87,113.63,48.2,87,0,9.17,AU,1595109707
Qaanaaq,77.48,-69.36,48.97,67,90,2.01,GL,1595109870
Sakakah,29.97,40.21,93.2,14,11,8.05,SA,1595109870
Esperance,-33.87,121.9,48.2,100,40,2.24,AU,1595109870
East London,-33.02,27.91,65.05,42,0,10.33,ZA,1595109870
Santa Cruz de la Sierra,-17.8,-63.17,82.4,61,20,23.04,BO,1595109614
Kavieng,-2.57,150.8,82.17,75,100,7.05,PG,1595109870
Saint-Pierre,-21.34,55.48,66.2,77,90,13.87,RE,1595109870
Abnūb,27.27,31.15,82.4,39,0,9.17,EG,1595109871
Lüderitz,-26.65,15.16,69.8,18,0,10.29,NA,1595109871
Hualmay,-11.1,-77.61,63.52,73,20,9.46,PE,1595109871
Boden,65.83,21.69,62.6,93,27,3.36,SE,1595109871
San Jose,37.34,-121.89,84.0,47,5,10.29,US,1595109842
Kargasok,59.06,80.86,60.67,74,59,6.96,RU,1595109872
Hambantota,6.12,81.12,77.0,94,83,4.7,LK,1595109872
Mudgee,-32.59,149.59,33.8,100,90,0.72,AU,1595109611
Jiangyou,31.77,104.72,68.77,64,3,4.45,CN,1595109872
Porto Velho,-8.76,-63.9,91.4,43,20,5.82,BR,1595109828
Jining,35.41,116.58,71.26,84,100,6.91,CN,1595109872
Šakiai,54.95,23.04,62.6,72,3,1.12,LT,1595109872
Nelson Bay,-32.72,152.15,46.99,100,90,6.93,AU,1595109873
Kristinestad,62.27,21.38,62.65,86,44,9.46,FI,1595109873
Mariinskiy Posad,56.12,47.72,60.8,93,100,4.47,RU,1595109873
Nantucket,41.28,-70.1,75.0,88,90,9.17,US,1595109873
Harjavalta,61.32,22.13,60.8,87,63,4.7,FI,1595109873
Worland,44.02,-107.96,84.99,25,1,5.82,US,1595109873
Sørland,67.67,12.69,54.73,85,59,16.73,NO,1595109873
Cortez,37.35,-108.59,93.2,18,20,4.7,US,1595109873
Pangnirtung,66.15,-65.71,58.24,54,51,3.22,CA,1595109874
Egvekinot,66.32,-179.17,45.97,65,46,7.23,RU,1595109874
Lata,40.16,-8.33,66.99,88,40,4.7,PT,1595109874
Houston,29.76,-95.36,93.0,55,75,16.11,US,1595109466
Bathsheba,13.22,-59.52,84.2,74,40,16.11,BB,1595109874
George Town,5.41,100.34,77.0,100,40,2.24,MY,1595109674
Vostok,46.49,135.88,70.81,74,6,1.68,RU,1595109875
Kapaa,22.08,-159.32,84.2,74,40,10.29,US,1595109875
Araouane,18.9,-3.53,96.22,29,75,15.1,ML,1595109875
Peniche,39.36,-9.38,66.99,90,0,5.99,PT,1595109875
Adjumani,3.38,31.79,65.97,81,98,2.55,UG,1595109875
Copiapó,-27.37,-70.33,57.2,62,0,9.17,CL,1595109875
Cordon,16.67,121.47,73.69,88,95,1.83,PH,1595109875
Eydhafushi,5.1,73.07,82.6,76,100,20.49,MV,1595109875
Airai,-8.93,125.41,55.02,53,74,2.84,TL,1595109876
Skellefteå,64.75,20.95,63.0,82,19,5.82,SE,1595109876
Ware,51.81,-0.03,64.99,76,78,4.54,GB,1595109876
Palmer,42.16,-72.33,91.99,29,20,10.29,US,1595109876
Bubaque,11.28,-15.83,77.97,89,100,14.92,GW,1595109876
Pangai,-19.8,-174.35,78.8,83,75,8.05,TO,1595109877
Vardø,70.37,31.11,50.61,92,100,4.63,NO,1595109877
Narsaq,60.92,-46.05,66.2,39,33,4.7,GL,1595109877
Mogadishu,2.04,45.34,76.84,80,69,21.72,SO,1595109877
Vaitape,-16.52,-151.75,76.19,81,94,18.9,PF,1595109877
Barranco,9.52,-82.7,84.2,79,75,3.36,PA,1595109877
Cayenne,4.93,-52.33,78.8,88,100,3.36,GF,1595109616
Juradó,7.11,-77.76,82.08,79,97,4.38,CO,1595109878
Dikson,73.51,80.55,39.51,94,100,7.74,RU,1595109878
Pirovskoye,57.63,92.27,46.98,87,3,1.74,RU,1595109878
Kruisfontein,-34.0,24.73,52.3,82,0,6.76,ZA,1595109878
Chokurdakh,70.63,147.92,52.95,49,0,12.64,RU,1595109878
Seabra,-12.42,-41.77,61.39,79,24,6.2,BR,1595109695
Naifaru,5.44,73.37,82.85,74,100,17.74,MV,1595109879
Taihecun,45.8,130.85,69.49,73,29,4.99,CN,1595109879
Auki,-8.77,160.7,82.15,72,42,4.21,SB,1595109879
Bentiu,9.23,29.83,70.72,92,100,4.68,SS,1595109879
Hirara,24.8,125.28,84.2,83,75,6.93,JP,1595109879
Tilichiki,60.47,166.1,49.32,98,100,2.62,RU,1595109879
Raja,8.46,25.68,70.39,94,98,5.73,SS,1595109879
Bogovina,43.9,21.94,62.6,88,90,3.36,RS,1595109879
Bethel,41.37,-73.41,91.0,35,1,9.17,US,1595109879
Makueni Boma,-1.8,37.62,61.25,70,100,3.78,KE,1595109880
Mabua,9.81,125.44,80.08,77,92,4.63,PH,1595109880
Maibong,25.3,93.17,74.46,89,100,5.79,IN,1595109880
Port Macquarie,-31.43,152.92,48.99,98,51,4.14,AU,1595109880
Chicama,-7.84,-79.15,66.51,69,19,9.55,PE,1595109880
Arrondissement d'Ajaccio,42.0,8.92,71.6,78,0,5.82,FR,1595109881
Severomuysk,56.15,113.43,45.3,87,100,5.97,RU,1595109881
Lavrentiya,65.58,-171.0,50.02,67,88,7.56,RU,1595109881
Imbituba,-28.24,-48.67,68.0,77,0,13.87,BR,1595109881
Gambo,4.65,22.26,69.31,96,96,1.21,CF,1595109881
Provideniya,64.38,-173.3,47.23,72,91,3.44,RU,1595109881
Mattru,7.62,-11.83,70.38,93,100,1.59,SL,1595109881
Mae Sai,20.43,99.88,77.0,100,20,1.39,TH,1595109881
Basco,20.45,121.97,84.49,81,27,15.08,PH,1595109882
Abadan,38.05,58.21,87.8,23,0,4.7,TM,1595109882
Ucluelet,48.93,-125.55,66.0,87,20,10.29,CA,1595109619
Yar-Sale,66.83,70.83,49.28,93,99,11.1,RU,1595109882
Luanda,-8.84,13.23,69.8,94,75,6.93,AO,1595109769
Northam,51.03,-4.22,60.01,96,100,7.0,GB,1595109882
Waverly,42.74,-84.62,89.6,55,40,16.11,US,1595109883
Chālūs,36.66,51.42,80.6,83,75,2.53,IR,1595109883
Ahipara,-35.17,173.17,60.1,89,100,11.83,NZ,1595109883
Dubbo,-32.25,148.62,37.4,100,40,9.17,AU,1595109760
Vila Franca do Campo,37.72,-25.43,68.0,77,75,5.82,PT,1595109883
Imeni Babushkina,59.76,43.13,54.28,96,0,4.23,RU,1595109883
São Luiz Gonzaga,-28.41,-54.96,68.88,86,0,8.25,BR,1595109687
Neiafu,-18.65,-173.98,78.8,78,40,14.99,TO,1595109884
Arraias,-12.93,-46.94,72.03,47,0,6.13,BR,1595109884
Eureka,40.8,-124.16,71.01,63,1,10.29,US,1595109884
Bambous Virieux,-20.34,57.76,69.8,73,75,16.11,MU,1595109863
Port Hedland,-20.32,118.57,64.4,77,75,8.05,AU,1595109885
Tura,25.52,90.22,75.43,97,100,5.35,IN,1595109885
Saskylakh,71.92,114.08,46.62,69,27,11.45,RU,1595109885
Sobolevo,54.43,31.9,55.81,85,0,3.31,RU,1595109885
San Carlos,9.66,-68.58,80.1,87,99,1.68,VE,1595109822
Constitución,-35.33,-72.42,55.58,85,83,13.42,CL,1595109885
Corinth,37.94,22.96,73.0,52,0,3.02,GR,1595109885
Tautira,-17.73,-149.15,80.6,69,75,4.7,PF,1595109885
Pampierstad,-27.78,24.69,39.61,66,0,1.12,ZA,1595109886
La Ronge,55.1,-105.28,66.2,77,75,5.82,CA,1595109886
Novo Aripuanã,-5.12,-60.38,82.92,67,67,1.77,BR,1595109886
Burnie,-41.07,145.92,48.99,89,100,11.01,AU,1595109886
Sur,22.57,59.53,86.41,71,9,7.58,OM,1595109886
Uyemskiy,64.47,40.85,50.0,100,37,0.76,RU,1595109886
Grand Gaube,-20.01,57.66,69.01,67,1,5.01,MU,1595109886
Dzerzhinsk,56.24,43.46,61.0,93,20,4.12,RU,1595109887
Honningsvåg,70.98,25.97,51.96,81,38,4.65,NO,1595109887
Tulagi,-9.1,160.15,77.0,88,90,2.24,SB,1595109887
Dudinka,69.41,86.18,50.0,87,93,8.95,RU,1595109887
Aripuanã,-9.17,-60.63,84.83,47,15,2.53,BR,1595109887
Pauini,-7.71,-66.98,85.35,55,53,1.77,BR,1595109887
Ambon City,-3.7,128.18,75.99,94,75,4.7,ID,1595109714
Port Elizabeth,-33.92,25.57,59.0,82,0,13.87,ZA,1595109858
Lamu,-2.27,40.9,76.37,79,15,21.77,KE,1595109888
Soyo,-6.13,12.37,71.46,88,0,5.35,AO,1595109888
Port Augusta,-32.5,137.77,44.6,100,0,10.29,AU,1595109888
Meiktila,20.87,95.87,77.31,84,100,13.69,MM,1595109888
Hillcrest Heights,38.83,-76.96,98.01,30,20,8.05,US,1595109888
Revda,56.8,59.93,62.6,88,98,7.72,RU,1595109888
Pangkalanbuun,-2.68,111.62,72.99,98,50,1.68,ID,1595109889
Coudekerque-Branche,51.02,2.39,61.0,87,1,4.7,FR,1595109889
Tokur,53.13,132.9,68.11,89,0,2.66,RU,1595109889
Minsk,53.9,27.57,55.4,93,0,2.24,BY,1595109843
Richards Bay,-28.78,32.04,58.01,62,0,6.73,ZA,1595109889
Sinnamary,5.38,-52.95,79.41,84,92,9.78,GF,1595109889
Mana,5.66,-53.78,79.66,83,95,10.42,GF,1595109889
Tiksi,71.69,128.87,48.88,98,100,7.99,RU,1595109890
Longyearbyen,78.22,15.64,46.4,70,75,11.41,SJ,1595109610
Tigil',57.8,158.67,53.94,90,97,5.44,RU,1595109890
Landeck,47.13,10.56,55.4,66,40,5.82,AT,1595109890
Sola,-13.88,167.55,80.6,94,75,3.42,VU,1595109890
Fortuna,40.6,-124.16,71.01,64,20,12.75,US,1595109868
Muros,42.78,-9.06,71.01,58,0,3.15,ES,1595109891
Churapcha,62.0,132.43,64.56,83,80,5.61,RU,1595109891
Tezu,27.92,96.17,76.19,87,100,2.06,IN,1595109891
Kralendijk,12.15,-68.27,86.0,70,40,19.46,BQ,1595109843
Tucumã,-0.18,-50.05,80.06,80,3,7.63,BR,1595109891
Huarmey,-10.07,-78.15,64.42,73,9,10.25,PE,1595109891
Vestmanna,62.16,-7.17,48.2,100,79,11.41,FO,1595109892
Hong Kong,22.29,114.16,84.0,79,82,5.01,HK,1595109746
Katsuura,35.13,140.3,73.99,96,100,1.99,JP,1595109892
Coyhaique,-45.58,-72.07,32.0,88,90,3.36,CL,1595109892
Sivaki,52.63,126.75,74.77,67,68,9.44,RU,1595109892
Ciudad del Carmen,18.63,-91.83,87.8,66,20,8.05,MX,1595109892
The Valley,18.22,-63.06,87.8,65,20,11.41,AI,1595109784
Moyale,3.52,39.06,68.11,59,75,15.75,KE,1595109893
Springbok,-29.66,17.89,50.16,41,0,4.27,ZA,1595109893
Acaraú,-2.89,-40.12,79.18,74,88,11.61,BR,1595109893
Bandarbeyla,9.49,50.81,79.54,62,22,32.59,SO,1595109893
Bengkulu,-3.8,102.27,74.53,89,89,3.6,ID,1595109881
Flinders,-34.58,150.86,51.01,86,99,1.99,AU,1595109893
Iqaluit,63.75,-68.51,46.4,100,90,3.36,CA,1595109893
Camacha,33.08,-16.33,69.8,88,40,13.87,PT,1595109893
Hachinohe,40.5,141.5,64.4,100,90,6.93,JP,1595109894
Malazgirt,39.14,42.54,69.13,41,14,2.73,TR,1595109894
Quatre Cocos,-20.21,57.76,69.8,73,75,16.11,MU,1595109894
Dawlatabad,36.41,64.91,81.3,19,0,5.46,AF,1595109894
Lukovetskiy,64.3,41.92,50.0,100,54,2.55,RU,1595109895
Tshikapa,-6.42,20.8,67.75,35,0,2.15,CD,1595109895
Karpogory,64.0,44.45,50.79,70,73,3.6,RU,1595109895
Lebu,-37.62,-73.65,52.74,89,100,15.79,CL,1595109895
Kilindoni,-7.91,39.67,77.9,68,14,21.83,TZ,1595109895
Tonstad,58.66,6.72,54.0,97,100,8.32,NO,1595109896
Bonavista,48.65,-53.11,55.35,67,98,2.84,CA,1595109896
Umm Kaddadah,13.6,26.69,90.57,35,52,8.93,SD,1595109896
Taoudenni,22.68,-3.98,102.31,13,5,3.47,ML,1595109869
Kununurra,-15.77,128.73,57.2,34,15,3.36,AU,1595109896
Richmond,37.55,-77.46,98.6,52,40,6.93,US,1595109647
Ketchikan,55.34,-131.65,59.0,100,90,13.87,US,1595109896
Upernavik,72.79,-56.15,48.67,53,0,6.85,GL,1595109874
Praia da Vitória,38.73,-27.07,69.8,83,75,11.74,PT,1595109897
Sisimiut,66.94,-53.67,55.62,57,94,3.83,GL,1595109897
Nizwá,22.93,57.53,86.38,51,80,1.63,OM,1595109897
Granadilla de Abona,28.12,-16.58,82.0,78,4,2.24,ES,1595109897
Wattegama,6.8,81.48,77.0,94,96,4.7,LK,1595109897
Kotido,2.98,34.13,61.83,89,60,3.09,UG,1595109897
Mackay,-21.15,149.2,57.0,100,99,6.93,AU,1595109897
Guerrero Negro,27.98,-114.06,81.27,44,0,17.78,MX,1595109703
Kutum,14.2,24.67,76.96,58,22,2.01,SD,1595109898
Olafsvik,64.89,-23.71,47.53,82,29,16.8,IS,1595109898
Hasaki,35.73,140.83,70.0,100,75,3.36,JP,1595109898
Amahai,-3.33,128.92,80.01,96,93,1.01,ID,1595109898
Seoul,37.57,126.98,75.2,78,90,6.06,KR,1595109822
Vakhrushev,48.98,142.97,61.0,92,95,3.06,RU,1595109898
Zhigansk,66.77,123.37,58.78,87,4,11.43,RU,1595109898
Harper,4.38,-7.72,76.05,86,15,6.55,LR,1595109898
Turaif,31.67,38.66,87.8,22,0,9.17,SA,1595109899
Port-Gentil,-0.72,8.78,75.2,94,40,10.71,GA,1595109694
Itaituba,-4.28,-55.98,83.98,49,48,1.66,BR,1595109899
Matane,48.83,-67.52,78.8,57,75,9.17,CA,1595109610
Joura,26.34,77.81,90.25,59,71,2.82,IN,1595109899
Long Xuyen,10.38,105.42,76.42,91,68,3.15,VN,1595109899
Pimenta Bueno,-11.67,-61.19,83.19,42,1,2.01,BR,1595109791
Krasnosel'kup,65.7,82.47,53.06,67,92,8.34,RU,1595109900
Port Hardy,50.7,-127.42,60.8,77,75,4.7,CA,1595109617
Denpasar,-8.65,115.22,78.8,100,40,5.82,ID,1595109781
Rieti,42.41,12.86,66.99,43,0,18.34,IT,1595109690
Araguaçu,-12.93,-49.83,76.95,40,0,3.29,BR,1595109900
Grafton,42.21,-71.69,89.01,40,1,9.17,US,1595109659
Vallenar,-28.57,-70.76,63.59,43,41,3.0,CL,1595109901
Diu,20.71,70.98,83.35,82,71,16.37,IN,1595109604
Marsá Maţrūḩ,31.35,27.25,75.2,83,0,6.93,EG,1595109901
Tonj,7.27,28.68,70.79,94,100,4.38,SS,1595109901
Taksimo,56.34,114.88,56.46,67,100,3.71,RU,1595109901
Xucheng,20.35,110.13,80.6,83,100,6.71,CN,1595109901
Dingle,11.0,122.67,76.62,87,92,3.89,PH,1595109902
Tuatapere,-46.13,167.68,40.5,66,0,2.68,NZ,1595109902
Marsabit,2.33,37.99,64.38,62,85,25.21,KE,1595109902
Dukat,62.55,155.55,47.75,73,96,5.39,RU,1595109902
‘Āhuimanu,21.44,-157.84,86.0,83,90,9.17,US,1595109902
Mabaruma,8.2,-59.78,79.16,85,4,4.27,GY,1595109903
Mariehamn,60.1,19.93,60.8,93,47,4.7,AX,1595109893
Amapá,1.0,-52.0,73.9,96,16,2.21,BR,1595109903
De Panne,51.08,2.59,62.01,87,1,4.7,BE,1595109724
Nemuro,43.32,145.57,58.78,95,100,6.42,JP,1595109903
Maţāy,28.42,30.78,79.21,40,0,14.61,EG,1595109903
Omsukchan,62.53,155.8,49.95,71,99,6.58,RU,1595109903
Calvinia,-31.47,19.78,50.02,42,0,4.32,ZA,1595109904
Sochi,43.6,39.73,73.4,88,40,6.71,RU,1595109904
Matara,5.95,80.54,79.18,86,88,10.11,LK,1595109904
Santa Luzia,-19.77,-43.85,68.0,63,12,6.93,BR,1595109682
Plettenberg Bay,-34.05,23.37,56.89,77,3,6.4,ZA,1595109904
Veere,51.55,3.67,64.4,82,30,9.17,NL,1595109904
Faya,18.39,42.45,75.2,40,98,2.77,SA,1595109905
Yulara,-25.24,130.99,50.0,61,90,8.05,AU,1595109667
Mount Gambier,-37.83,140.77,46.4,93,52,13.87,AU,1595109905
Ust-Nera,64.57,143.2,65.1,42,100,3.8,RU,1595109905
Te Anau,-45.42,167.72,38.14,74,0,0.81,NZ,1595109905
Yabēlo,4.88,38.08,61.52,53,99,11.03,ET,1595109905
Saint-Louis,16.33,-15.0,89.6,62,63,4.7,SN,1595109724
Likasi,-10.98,26.73,45.12,92,0,4.99,CD,1595109906
Hamilton,39.18,-84.53,93.99,52,75,11.41,US,1595109330
Mehamn,71.04,27.85,50.54,81,42,3.94,NO,1595109906
Soeng Sang,14.43,102.46,75.0,91,85,4.7,TH,1595109906
Atambua,-9.11,124.89,66.63,76,92,4.88,ID,1595109906
Fort-Shevchenko,44.51,50.26,81.82,63,0,10.56,KZ,1595109906
Narrabri,-30.32,149.78,43.0,86,0,1.19,AU,1595109907
Shangqiu,34.45,115.65,75.99,87,100,1.99,CN,1595109907
Coquimbo,-29.95,-71.34,57.2,76,75,10.29,CL,1595109907
Tessalit,20.2,1.01,89.83,26,22,6.93,ML,1595109907
Bajil,15.06,43.29,89.01,52,100,2.57,YE,1595109908
Bayir,37.27,28.22,66.2,88,0,6.93,TR,1595109908
Los Llanos de Aridane,28.66,-17.92,79.0,88,28,11.41,ES,1595109908
Paris,48.85,2.35,73.0,64,4,8.05,FR,1595109817
Nioro,13.35,-15.75,77.65,85,78,7.72,GM,1595109908
Forsytheganj,52.63,29.73,57.09,80,0,1.61,BY,1595109908
Kaeo,-35.1,173.78,59.0,3,100,13.0,NZ,1595109908
Saldanha,-33.01,17.94,50.0,87,0,4.7,ZA,1595109909
Acapulco de Juárez,16.86,-99.89,87.8,70,5,13.87,MX,1595109659
Rawson,-43.3,-65.1,45.99,81,90,11.45,AR,1595109909
Rodrigues Alves,-7.74,-72.65,84.65,58,37,2.75,BR,1595109909
Mahon,39.89,4.27,73.4,83,20,6.93,ES,1595109909
Qandala,11.47,49.87,89.15,49,80,14.16,SO,1595109909
Hidalgo,20.5,-99.0,72.34,58,56,14.27,MX,1595109909
Norrtälje,59.76,18.7,64.99,84,10,4.92,SE,1595109732
Abu Samrah,35.3,37.18,69.44,52,0,6.24,SY,1595109910
Shenjiamen,29.96,122.3,77.83,91,80,23.13,CN,1595109910
Hīt,33.64,42.83,86.59,16,0,5.12,IQ,1595109910
Ostrovnoy,68.05,39.51,59.95,59,41,14.41,RU,1595109910
Kortkeros,61.81,51.58,60.8,93,8,6.71,RU,1595109910
Gisborne,-38.65,178.0,54.52,80,100,8.68,NZ,1595109778
Norway,45.79,-87.9,87.01,62,20,8.05,US,1595109910
Valparaíso,-33.04,-71.63,53.6,100,90,11.41,CL,1595109780
Uşak Province,38.5,29.42,72.0,44,0,5.99,TR,1595109911
Wanaka,-44.7,169.15,32.0,88,0,1.01,NZ,1595109911
Hailar,49.2,119.7,58.24,90,84,14.2,CN,1595109911
Lufilufi,-13.87,-171.6,80.71,77,3,17.58,WS,1595109911
Fuerte Olimpo,-21.04,-57.87,81.09,38,0,5.57,PY,1595109911
Grand-Santi,4.25,-54.38,79.14,78,100,4.34,GF,1595109911
Myanmar,22.0,98.0,69.96,97,100,2.28,MM,1595109912
Aranos,-24.13,19.12,49.23,42,0,11.63,NA,1595109912
Margate,51.38,1.39,64.99,82,8,1.99,GB,1595109912
Nabire,-3.37,135.48,74.41,86,32,3.76,ID,1595109912
Oddur,4.12,43.89,71.49,72,19,21.77,SO,1595109912
Oistins,13.07,-59.53,84.2,74,40,16.11,BB,1595109753
Balkhash,46.84,74.98,78.67,47,39,12.53,KZ,1595109913
Klaksvík,62.23,-6.59,48.2,100,52,11.41,FO,1595109913
Faro,37.02,-7.93,77.0,73,0,5.82,PT,1595109810
Sandwick,60.0,-1.25,51.8,93,0,17.22,GB,1595109913
Krasnokamensk,50.1,118.04,61.16,93,100,5.91,RU,1595109913
Oruzgan,32.83,66.0,68.68,25,0,3.76,AF,1595109913
Beachwood,41.46,-81.51,95.0,51,20,4.7,US,1595109689
Conde,-7.26,-34.91,75.2,83,20,6.93,BR,1595109914
Guatire,10.48,-66.54,75.99,80,96,1.01,VE,1595109914
Mafeteng,-29.82,27.24,37.22,72,0,2.46,LS,1595109914
Gulbarga,17.33,76.83,75.78,87,48,10.16,IN,1595109914
Hay River,60.82,-115.8,75.2,44,40,9.17,CA,1595109626
Meulaboh,4.14,96.13,77.47,83,100,3.31,ID,1595109914
Port Moresby,-9.44,147.18,75.2,94,90,3.36,PG,1595109915
Bangassou,4.74,22.82,68.59,97,82,1.86,CF,1595109915
Muravlenko,63.79,74.52,60.96,93,60,3.74,RU,1595109915
Goderich,43.75,-81.72,88.0,59,98,4.0,CA,1595109676
Sal Rei,16.18,-22.92,77.0,78,40,8.05,CV,1595109915
Zaragoza,41.66,-0.88,81.0,38,0,6.93,ES,1595109718
Touros,-5.2,-35.46,73.4,88,40,5.82,BR,1595109915
Buenos Aires,-34.61,-58.38,59.0,100,90,5.82,AR,1595109729
Oranjemund,-28.55,16.43,60.87,38,0,5.93,NA,1595109916
Kushima,31.46,131.23,73.4,94,75,4.7,JP,1595109916
Nishihara,26.18,127.76,82.4,88,40,10.29,JP,1595109916
Sibu,2.3,111.82,75.2,94,40,2.24,MY,1595109916
Muroto-misakicho,33.28,134.15,73.4,88,75,6.93,JP,1595109916
Sawākin,19.11,37.33,84.87,42,62,4.79,SD,1595109916
Fairbanks,64.84,-147.72,64.4,68,90,11.41,US,1595109917
San Rafael,-34.62,-68.33,57.07,41,19,3.8,AR,1595109811
Kilifi,-3.63,39.85,77.18,67,57,22.55,KE,1595109917
Morehead,37.27,-87.18,93.99,52,1,5.82,US,1595109917
Kungurtug,50.6,97.52,44.02,79,14,0.54,RU,1595109917
Vakhtan,57.97,46.69,56.3,96,63,2.33,RU,1595109917
Mwense,-10.38,28.7,55.09,62,0,6.67,ZM,1595109917
Mount Isa,-20.73,139.5,37.4,47,0,9.04,AU,1595109918
Monterey,36.25,-121.25,75.99,60,1,16.11,US,1595109918
Aswān,24.09,32.91,86.18,21,62,6.78,EG,1595109918
Yaan,7.38,8.57,73.67,87,37,4.41,NG,1595109918
Lebanon,36.21,-86.29,95.0,47,40,2.84,US,1595109918
Tevaitoa,-16.78,-151.5,75.63,82,100,20.87,PF,1595109918
Chumikan,54.72,135.31,53.71,95,90,8.63,RU,1595109919
Vrangel',42.73,133.08,64.83,87,0,1.86,RU,1595109919
Bud,39.45,-86.18,89.01,58,75,4.7,US,1595109919
Stornoway,58.21,-6.39,51.8,87,95,11.41,GB,1595109919
Santa Cruz del Sur,20.71,-78.0,85.44,69,63,4.45,CU,1595109919
Asău,46.43,26.4,69.8,73,100,5.82,RO,1595109919
Chapais,49.78,-74.85,78.8,44,75,6.93,CA,1595109875
Chernyshevskiy,63.01,112.47,51.37,89,56,7.85,RU,1595109919
Liverpool,53.41,-2.98,57.2,87,78,4.7,GB,1595109744
Oksovskiy,62.61,39.9,51.96,78,88,1.95,RU,1595109920
Caravelas,-17.71,-39.25,71.47,74,85,7.07,BR,1595109908
Palu,-0.89,119.87,74.05,80,74,2.98,ID,1595109920
Shwebo,22.57,95.7,77.5,90,100,10.33,MM,1595109920
Lagoa,39.05,-27.98,69.51,79,24,11.79,PT,1595109921
Khovd,48.01,91.64,64.53,52,58,1.57,MN,1595109921
Hastings,50.86,0.57,60.8,93,31,5.82,GB,1595109897
Yerbogachën,61.28,108.01,47.5,93,20,4.07,RU,1595109910
Nouadhibou,20.93,-17.03,71.6,88,75,16.11,MR,1595109921
Hervey Bay,-25.3,152.85,55.0,83,5,5.99,AU,1595109921
Turan,16.07,108.22,77.0,88,20,3.36,VN,1595109921
Río Gallegos,-51.62,-69.22,30.2,100,75,6.93,AR,1595109860
Gillette,44.29,-105.5,82.4,28,1,10.29,US,1595109922
Zaysan,47.47,84.87,76.32,34,91,9.06,KZ,1595109922
Qaqortoq,60.72,-46.03,66.2,39,45,4.7,GL,1595109922
Maceió,-9.67,-35.74,77.0,73,20,4.7,BR,1595109922
Praia,14.92,-23.51,77.0,69,20,12.75,CV,1595109842
Mariakani,-3.86,39.47,72.86,68,74,12.08,KE,1595109922
Nogliki,51.83,143.17,59.16,94,99,5.06,RU,1595109923
Ndola,-12.96,28.64,46.92,89,23,6.51,ZM,1595109923
Āreka,7.07,37.7,60.33,89,100,2.51,ET,1595109923
La Roche-sur-Yon,46.67,-1.43,64.4,77,0,3.36,FR,1595109923
Lima,-12.04,-77.03,64.4,63,40,9.17,PE,1595109917
Liepāja,56.54,21.04,57.2,100,76,5.28,LV,1595109738
Benjamín Aceval,-24.97,-57.57,86.0,37,0,11.41,PY,1595109924
Maiduguri,11.85,13.16,82.53,61,7,2.42,NG,1595109924
Lishu,43.3,124.33,71.2,70,100,6.26,CN,1595109924
Buraidah,26.33,43.98,91.4,19,26,5.82,SA,1595109838
Sosnovoborsk,56.13,93.36,44.6,100,2,2.1,RU,1595109925
Adrar,20.5,-10.07,96.37,19,32,3.2,MR,1595109925
South Lake Tahoe,38.93,-119.98,84.2,20,1,6.93,US,1595109924
Pacific Grove,36.62,-121.92,75.99,60,1,9.17,US,1595109750
Port-Cartier,50.03,-66.87,68.0,77,75,11.41,CA,1595109925
Tsimmerbude,54.67,20.13,60.8,93,6,2.24,RU,1595109912
Oudtshoorn,-33.59,22.2,50.0,93,1,4.7,ZA,1595109925
Goundam,16.41,-3.67,85.28,54,99,9.95,ML,1595109926
Makat,47.65,53.35,83.84,51,49,19.71,KZ,1595109926
Abu Kamal,34.45,40.92,78.73,17,0,2.28,SY,1595109926
Manokwari,-0.87,134.08,79.3,75,7,2.89,ID,1595109927
Vila do Maio,15.13,-23.22,77.0,69,20,12.75,CV,1595109927
Novobiryusinskiy,56.96,97.71,48.24,74,55,2.91,RU,1595109927
Porto Nacional,-10.71,-48.42,86.0,37,20,10.29,BR,1595109675
Pisco,-13.7,-76.22,66.2,68,5,6.93,PE,1595109679
Kiama,-34.68,150.87,51.01,69,100,5.44,AU,1595109927
Wanning,18.8,110.4,81.07,85,79,11.39,CN,1595109927
Baculin,7.45,126.58,77.76,79,100,4.92,PH,1595109928
Bahía Honda,22.9,-83.16,82.24,79,95,7.87,CU,1595109880
Thinadhoo,0.53,72.93,82.13,75,100,16.87,MV,1595109928
Köthen,51.75,11.97,66.99,78,4,2.48,DE,1595109819
Porlamar,10.96,-63.85,87.8,62,40,16.11,VE,1595109928
Ramotswa,-24.87,25.87,44.6,42,0,3.36,BW,1595109928
Gazli,40.13,63.45,83.37,15,0,10.22,UZ,1595109928
Derzhavīnsk,51.1,66.32,74.89,55,11,12.28,KZ,1595109929
Teguise,29.06,-13.56,78.8,65,30,28.86,ES,1595109929
Rockland,41.17,-74.05,88.0,55,32,4.09,US,1595109929
Taltal,-25.4,-70.48,56.68,76,39,4.52,CL,1595109929
Patancheru,17.53,78.27,75.2,94,75,6.93,IN,1595109929
Coelho Neto,-4.26,-43.01,82.87,53,59,2.01,BR,1595109929
Zhezkazgan,47.8,67.71,75.79,47,71,8.25,KZ,1595109929
Pervomayskiy,53.25,40.29,56.19,94,100,4.88,RU,1595109930
Broome,42.25,-75.83,86.0,42,1,8.05,US,1595109930
Pudozh,61.81,36.53,55.58,66,93,1.63,RU,1595109930
Baykit,61.67,96.37,44.74,83,3,3.2,RU,1595109930
Ngerengere,-6.75,38.12,65.05,76,52,2.93,TZ,1595109930
Fort Nelson,58.81,-122.7,77.0,38,75,4.7,CA,1595109930
Taywarah,33.35,64.42,55.53,42,0,6.4,AF,1595109931
Vestmannaeyjar,63.44,-20.27,50.09,73,1,27.51,IS,1595109931
Kyabram,-36.32,145.05,40.46,85,1,9.08,AU,1595109765
Nome,64.5,-165.41,61.0,62,1,10.29,US,1595109816
Suwałki,54.11,22.93,59.13,85,2,2.51,PL,1595109931
Kalmunai,7.42,81.82,81.55,75,100,3.8,LK,1595109931
Kerchevskiy,59.95,56.29,59.02,82,36,2.75,RU,1595109931
Beloha,-25.17,45.05,60.33,76,0,8.68,MG,1595109931
Celestún,20.87,-90.4,85.57,67,13,14.0,MX,1595109932
Bara,10.37,10.73,74.73,86,86,6.24,NG,1595109932
Biak,-0.91,122.88,75.69,84,30,6.8,ID,1595109932
Inhambane,-23.86,35.38,63.63,82,7,3.27,MZ,1595109932
São João da Barra,-21.64,-41.05,68.0,94,1,4.7,BR,1595109685
Antalaha,-14.9,50.28,66.02,80,6,8.86,MG,1595109932
Codrington,-38.27,141.97,46.17,91,3,15.55,AU,1595109932
Shihezi,44.3,86.03,83.5,29,100,8.12,CN,1595109933
Lambaréné,-0.7,10.24,73.24,85,82,4.74,GA,1595109933
Brodokalmak,55.57,62.08,75.2,60,40,4.47,RU,1595109933
Andenes,69.31,16.12,51.8,87,17,9.17,NO,1595109886
Okha,53.57,142.95,58.06,94,100,6.96,RU,1595109933
Batamshinskiy,50.56,58.27,78.8,44,40,11.18,KZ,1595109933
Laguna,38.42,-121.42,98.01,26,5,8.05,US,1595109933
Maniitsoq,65.42,-52.9,51.67,67,86,6.62,GL,1595109934
Camopi,3.17,-52.32,75.27,96,95,2.77,GF,1595109697
Daye,30.08,114.95,75.72,94,99,8.34,CN,1595109934
Linxia Chengguanzhen,35.6,103.21,50.5,63,0,4.47,CN,1595109934
Bondo,3.81,23.69,69.15,96,96,2.19,CD,1595109934
Panabá,21.28,-88.27,84.38,80,72,8.37,MX,1595109934
Sungai Penuh,-2.08,101.38,63.01,91,71,3.13,ID,1595109935
Ryōtsu-minato,38.08,138.43,71.6,100,75,1.12,JP,1595109935
High Level,58.52,-117.14,73.4,56,40,11.41,CA,1595109935
Boyolangu,-8.12,111.89,72.72,89,90,2.68,ID,1595109935
Gushikawa,26.35,127.87,82.0,88,1,6.93,JP,1595109935
